Container_ID,Risk_Score,Risk_Level,Explanation_Summary
41256141,29.14,Low,"Classified as Low risk (score 29.1). Primary factors: 1. Weight_Diff_Ratio, 2. Importer_Risk_Index, 3. Log_Declared_Value."
20889431,32.54,Low,"Classified as Low risk (score 32.5). Primary factors: 1. Weight_Diff_Ratio, 2. Log_Declared_Value, 3. Importer_Risk_Index."
25403940,3.39,Low,"Classified as Low risk (score 3.4). Primary factors: 1. Dwell_Time_Deviation, 2. Log_Declared_Value, 3. Weight_Diff_Ratio."
43489778,17.12,Low,"Classified as Low risk (score 17.1). Primary factors: 1. Importer_Risk_Index, 2. Log_Value_to_Weight_Ratio, 3. Exporter_Risk."
94895240,16.65,Low,"Classified as Low risk (score 16.7). Primary factors: 1. Log_Declared_Value, 2. Weight_Diff_Ratio, 3. Dwell_Time_Deviation."
81282547,10.49,Low,"Classified as Low risk (score 10.5). Primary factors: 1. Weight_Diff_Ratio, 2. Log_Declared_Value, 3. Exporter_Risk."
13935563,52.04,Medium,"Elevated to Medium risk (score 52.0). Top drivers: 1. Weight_Diff_Ratio, 2. Dwell_Time_Deviation, 3. Exporter_Risk."
57224212,11.1,Low,"Classified as Low risk (score 11.1). Primary factors: 1. Log_Declared_Value, 2. Weight_Diff_Ratio, 3. Importer_Risk_Index."
21579017,65.42,Medium,"Elevated to Medium risk (score 65.4). Top drivers: 1. Weight_Diff_Ratio, 2. Dwell_Time_Deviation, 3. Exporter_Risk."
97545517,28.53,Low,"Classified as Low risk (score 28.5). Primary factors: 1. Weight_Diff_Ratio, 2. Log_Declared_Value, 3. Importer_Risk_Index."
78445260,32.69,Low,"Classified as Low risk (score 32.7). Primary factors: 1. Log_Declared_Value, 2. Dwell_Time_Deviation, 3. Anomaly_Score."
50158701,14.8,Low,"Classified as Low risk (score 14.8). Primary factors: 1. Log_Declared_Value, 2. Importer_Risk_Index, 3. Dwell_Time_Deviation."
76619244,23.9,Low,"Classified as Low risk (score 23.9). Primary factors: 1. Weight_Diff_Ratio, 2. Log_Declared_Value, 3. Dwell_Time_Deviation."
19399777,18.2,Low,"Classified as Low risk (score 18.2). Primary factors: 1. Dwell_Time_Deviation, 2. Log_Declared_Value, 3. Exporter_Risk."
77398766,57.85,Medium,"Elevated to Medium risk (score 57.9). Top drivers: 1. Weight_Diff_Ratio, 2. Importer_Risk_Index, 3. Dwell_Time_Deviation."
90633984,0.0,Low,"Classified as Low risk (score 0.0). Primary factors: 1. Weight_Diff_Ratio, 2. Log_Declared_Value, 3. Importer_Risk_Index."
43352334,9.56,Low,"Classified as Low risk (score 9.6). Primary factors: 1. Log_Declared_Value, 2. Importer_Risk_Index, 3. Weight_Diff_Ratio."
17444408,9.71,Low,"Classified as Low risk (score 9.7). Primary factors: 1. Log_Declared_Value, 2. Weight_Diff_Ratio, 3. Importer_Risk_Index."
60210534,4.93,Low,"Classified as Low risk (score 4.9). Primary factors: 1. Log_Declared_Value, 2. Weight_Diff_Ratio, 3. Importer_Risk_Index."
22375009,5.24,Low,"Classified as Low risk (score 5.2). Primary factors: 1. Weight_Diff_Ratio, 2. Log_Declared_Value, 3. Importer_Risk_Index."
20364120,12.03,Low,"Classified as Low risk (score 12.0). Primary factors: 1. Log_Declared_Value, 2. Dwell_Time_Deviation, 3. Log_Value_to_Weight_Ratio."
10000192,11.57,Low,"Classified as Low risk (score 11.6). Primary factors: 1. Weight_Diff_Ratio, 2. Log_Declared_Value, 3. Exporter_Risk."
83726881,23.44,Low,"Classified as Low risk (score 23.4). Primary factors: 1. Weight_Diff_Ratio, 2. Importer_Risk_Index, 3. Exporter_Risk."
66231407,35.16,Medium,"Elevated to Medium risk (score 35.2). Top drivers: 1. Weight_Diff_Ratio, 2. Exporter_Risk, 3. Shipping_Line_Avg_Dwell."
64356058,10.18,Low,"Classified as Low risk (score 10.2). Primary factors: 1. Weight_Diff_Ratio, 2. Log_Declared_Value, 3. Dwell_Time_Deviation."
96907718,4.32,Low,"Classified as Low risk (score 4.3). Primary factors: 1. Log_Declared_Value, 2. Weight_Diff_Ratio, 3. Importer_Risk_Index."
61035354,21.9,Low,"Classified as Low risk (score 21.9). Primary factors: 1. Log_Value_to_Weight_Ratio, 2. Weight_Diff_Ratio, 3. Dwell_Time_Deviation."
97916469,59.6,Medium,"Elevated to Medium risk (score 59.6). Top drivers: 1. Weight_Diff_Ratio, 2. Dwell_Time_Deviation, 3. Log_Value_to_Weight_Ratio."
77871880,43.31,Medium,"Elevated to Medium risk (score 43.3). Top drivers: 1. Weight_Diff_Ratio, 2. Dwell_Time_Deviation, 3. Exporter_Risk."
42672701,31.3,Low,"Classified as Low risk (score 31.3). Primary factors: 1. Weight_Diff_Ratio, 2. Importer_Risk_Index, 3. Dwell_Time_Deviation."
47409182,32.38,Low,"Classified as Low risk (score 32.4). Primary factors: 1. Log_Declared_Value, 2. Weight_Diff_Ratio, 3. Dwell_Time_Deviation."
60150670,16.96,Low,"Classified as Low risk (score 17.0). Primary factors: 1. Weight_Diff_Ratio, 2. Log_Value_to_Weight_Ratio, 3. Anomaly_Score."
69981816,1.54,Low,"Classified as Low risk (score 1.5). Primary factors: 1. Weight_Diff_Ratio, 2. Log_Declared_Value, 3. Exporter_Risk."
28769564,46.8,Medium,"Elevated to Medium risk (score 46.8). Top drivers: 1. Weight_Diff_Ratio, 2. Dwell_Time_Deviation, 3. Exporter_Risk."
79963887,54.95,Medium,"Elevated to Medium risk (score 54.9). Top drivers: 1. Dwell_Time_Deviation, 2. Importer_Risk_Index, 3. Importer_Freq_Count."
92621113,31.61,Low,"Classified as Low risk (score 31.6). Primary factors: 1. Log_Declared_Value, 2. Log_Value_to_Weight_Ratio, 3. Dwell_Time_Deviation."
24035216,33.0,Low,"Classified as Low risk (score 33.0). Primary factors: 1. Weight_Diff_Ratio, 2. Log_Value_to_Weight_Ratio, 3. Importer_Risk_Index."
80142975,5.71,Low,"Classified as Low risk (score 5.7). Primary factors: 1. Log_Declared_Value, 2. Weight_Diff_Ratio, 3. Importer_Risk_Index."
27870497,34.58,Medium,"Elevated to Medium risk (score 34.6). Top drivers: 1. Weight_Diff_Ratio, 2. Declaration_Hour, 3. HS_Risk_Index."
56775700,11.41,Low,"Classified as Low risk (score 11.4). Primary factors: 1. Log_Declared_Value, 2. Dwell_Time_Deviation, 3. Importer_Risk_Index."
31184801,25.75,Low,"Classified as Low risk (score 25.8). Primary factors: 1. Weight_Diff_Ratio, 2. Log_Declared_Value, 3. Dwell_Time_Deviation."
73239153,18.5,Low,"Classified as Low risk (score 18.5). Primary factors: 1. Log_Declared_Value, 2. Exporter_Risk, 3. Dwell_Time_Deviation."
59677353,41.56,Medium,"Elevated to Medium risk (score 41.6). Top drivers: 1. Dwell_Time_Deviation, 2. Weight_Diff_Ratio, 3. Log_Declared_Value."
95399013,7.71,Low,"Classified as Low risk (score 7.7). Primary factors: 1. Weight_Diff_Ratio, 2. Log_Declared_Value, 3. Importer_Risk_Index."
20113629,7.56,Low,"Classified as Low risk (score 7.6). Primary factors: 1. Weight_Diff_Ratio, 2. Log_Declared_Value, 3. Importer_Risk_Index."
27974740,30.38,Low,"Classified as Low risk (score 30.4). Primary factors: 1. Weight_Diff_Ratio, 2. Dwell_Time_Deviation, 3. Log_Value_to_Weight_Ratio."
79447875,2.62,Low,"Classified as Low risk (score 2.6). Primary factors: 1. Log_Declared_Value, 2. Dwell_Time_Deviation, 3. Weight_Diff_Ratio."
91373354,25.14,Low,"Classified as Low risk (score 25.1). Primary factors: 1. Importer_Risk_Index, 2. Log_Declared_Value, 3. Dwell_Time_Deviation."
99293207,22.98,Low,"Classified as Low risk (score 23.0). Primary factors: 1. Log_Declared_Value, 2. Dwell_Time_Deviation, 3. Exporter_Risk."
58517658,1.08,Low,"Classified as Low risk (score 1.1). Primary factors: 1. Weight_Diff_Ratio, 2. Log_Declared_Value, 3. Exporter_Risk."
37795615,23.75,Low,"Classified as Low risk (score 23.7). Primary factors: 1. Log_Declared_Value, 2. Exporter_Risk, 3. Shipping_Line_Avg_Dwell."
34295234,8.33,Low,"Classified as Low risk (score 8.3). Primary factors: 1. Log_Declared_Value, 2. Dwell_Time_Deviation, 3. Importer_Risk_Index."
71136828,22.67,Low,"Classified as Low risk (score 22.7). Primary factors: 1. Log_Declared_Value, 2. Weight_Diff_Ratio, 3. Dwell_Time_Deviation."
63914551,53.78,Medium,"Elevated to Medium risk (score 53.8). Top drivers: 1. Weight_Diff_Ratio, 2. Dwell_Time_Deviation, 3. Exporter_Risk."
82163953,19.74,Low,"Classified as Low risk (score 19.7). Primary factors: 1. Importer_Risk_Index, 2. Log_Declared_Value, 3. Weight_Diff_Ratio."
49978880,57.27,Medium,"Elevated to Medium risk (score 57.3). Top drivers: 1. Weight_Diff_Ratio, 2. Log_Value_to_Weight_Ratio, 3. Shipping_Line_Avg_Dwell."
76466404,5.86,Low,"Classified as Low risk (score 5.9). Primary factors: 1. Log_Declared_Value, 2. Weight_Diff_Ratio, 3. Importer_Risk_Index."
65022237,45.64,Medium,"Elevated to Medium risk (score 45.6). Top drivers: 1. Weight_Diff_Ratio, 2. Dwell_Time_Deviation, 3. Origin_Country_Risk."
14510005,28.84,Low,"Classified as Low risk (score 28.8). Primary factors: 1. Weight_Diff_Ratio, 2. Importer_Risk_Index, 3. Dwell_Time_Deviation."
86957152,21.74,Low,"Classified as Low risk (score 21.7). Primary factors: 1. Weight_Diff_Ratio, 2. Log_Declared_Value, 3. Dwell_Time_Deviation."
28086209,1.7,Low,"Classified as Low risk (score 1.7). Primary factors: 1. Weight_Diff_Ratio, 2. Log_Declared_Value, 3. Log_Value_to_Weight_Ratio."
55724591,27.6,Low,"Classified as Low risk (score 27.6). Primary factors: 1. Log_Declared_Value, 2. Weight_Diff_Ratio, 3. Dwell_Time_Deviation."
93668207,10.02,Low,"Classified as Low risk (score 10.0). Primary factors: 1. Log_Declared_Value, 2. Log_Value_to_Weight_Ratio, 3. Exporter_Risk."
88150030,19.28,Low,"Classified as Low risk (score 19.3). Primary factors: 1. Log_Declared_Value, 2. Weight_Diff_Ratio, 3. Dwell_Time_Deviation."
49945914,22.51,Low,"Classified as Low risk (score 22.5). Primary factors: 1. Log_Value_to_Weight_Ratio, 2. Weight_Diff_Ratio, 3. HS_Risk_Index."
84910224,43.89,Medium,"Elevated to Medium risk (score 43.9). Top drivers: 1. Weight_Diff_Ratio, 2. Dwell_Time_Deviation, 3. Exporter_Risk."
34854746,27.91,Low,"Classified as Low risk (score 27.9). Primary factors: 1. Log_Declared_Value, 2. Dwell_Time_Deviation, 3. Anomaly_Score."
75503804,47.38,Medium,"Elevated to Medium risk (score 47.4). Top drivers: 1. Weight_Diff_Ratio, 2. Dwell_Time_Deviation, 3. Exporter_Risk."
90997688,50.87,Medium,"Elevated to Medium risk (score 50.9). Top drivers: 1. Dwell_Time_Deviation, 2. Weight_Diff_Ratio, 3. Exporter_Risk."
58202458,100.0,Critical,"Flagged as Critical (score 100.0) driven by unusual patterns in 1. Weight_Diff_Ratio, 2. Dwell_Time_Deviation, 3. Log_Value_to_Weight_Ratio."
18415261,61.93,Medium,"Elevated to Medium risk (score 61.9). Top drivers: 1. Weight_Diff_Ratio, 2. Dwell_Time_Deviation, 3. Log_Value_to_Weight_Ratio."
35948598,28.99,Low,"Classified as Low risk (score 29.0). Primary factors: 1. Log_Value_to_Weight_Ratio, 2. Dwell_Time_Deviation, 3. HS_Risk_Index."
72276819,22.36,Low,"Classified as Low risk (score 22.4). Primary factors: 1. Log_Value_to_Weight_Ratio, 2. Importer_Risk_Index, 3. Dwell_Time_Deviation."
83345390,29.76,Low,"Classified as Low risk (score 29.8). Primary factors: 1. Log_Value_to_Weight_Ratio, 2. Dwell_Time_Deviation, 3. Log_Declared_Value."
45543334,40.98,Medium,"Elevated to Medium risk (score 41.0). Top drivers: 1. Weight_Diff_Ratio, 2. Dwell_Time_Deviation, 3. Shipping_Line_Avg_Dwell."
33398830,63.67,Medium,"Elevated to Medium risk (score 63.7). Top drivers: 1. Dwell_Time_Deviation, 2. Weight_Diff_Ratio, 3. Importer_Risk_Index."
28788752,5.4,Low,"Classified as Low risk (score 5.4). Primary factors: 1. Weight_Diff_Ratio, 2. Log_Declared_Value, 3. Dwell_Time_Deviation."
88090880,16.19,Low,"Classified as Low risk (score 16.2). Primary factors: 1. Weight_Diff_Ratio, 2. Log_Declared_Value, 3. Importer_Risk_Index."
61915114,62.51,Medium,"Elevated to Medium risk (score 62.5). Top drivers: 1. Weight_Diff_Ratio, 2. Dwell_Time_Deviation, 3. Exporter_Risk."
13177095,47.96,Medium,"Elevated to Medium risk (score 48.0). Top drivers: 1. Dwell_Time_Deviation, 2. Weight_Diff_Ratio, 3. Declaration_Hour."
21629113,26.68,Low,"Classified as Low risk (score 26.7). Primary factors: 1. Log_Declared_Value, 2. Exporter_Risk, 3. Anomaly_Score."
62365905,25.44,Low,"Classified as Low risk (score 25.4). Primary factors: 1. Log_Declared_Value, 2. Dwell_Time_Deviation, 3. Anomaly_Score."
60834055,17.43,Low,"Classified as Low risk (score 17.4). Primary factors: 1. Log_Declared_Value, 2. Importer_Risk_Index, 3. Dwell_Time_Deviation."
78367233,3.86,Low,"Classified as Low risk (score 3.9). Primary factors: 1. Weight_Diff_Ratio, 2. Log_Value_to_Weight_Ratio, 3. Importer_Risk_Index."
60980398,64.25,Medium,"Elevated to Medium risk (score 64.3). Top drivers: 1. Weight_Diff_Ratio, 2. Importer_Risk_Index, 3. Exporter_Risk."
72300912,24.67,Low,"Classified as Low risk (score 24.7). Primary factors: 1. Log_Declared_Value, 2. Dwell_Time_Deviation, 3. Weight_Diff_Ratio."
55463335,3.7,Low,"Classified as Low risk (score 3.7). Primary factors: 1. Weight_Diff_Ratio, 2. Importer_Risk_Index, 3. Log_Value_to_Weight_Ratio."
99816809,2.31,Low,"Classified as Low risk (score 2.3). Primary factors: 1. Weight_Diff_Ratio, 2. Log_Declared_Value, 3. Importer_Risk_Index."
84726918,6.48,Low,"Classified as Low risk (score 6.5). Primary factors: 1. Weight_Diff_Ratio, 2. Log_Declared_Value, 3. Importer_Risk_Index."
69106794,12.18,Low,"Classified as Low risk (score 12.2). Primary factors: 1. Log_Declared_Value, 2. Dwell_Time_Deviation, 3. Weight_Diff_Ratio."
49287797,25.29,Low,"Classified as Low risk (score 25.3). Primary factors: 1. Weight_Diff_Ratio, 2. Importer_Risk_Index, 3. Dwell_Time_Deviation."
67270867,30.07,Low,"Classified as Low risk (score 30.1). Primary factors: 1. Dwell_Time_Deviation, 2. Log_Declared_Value, 3. Weight_Diff_Ratio."
84892761,26.21,Low,"Classified as Low risk (score 26.2). Primary factors: 1. Log_Declared_Value, 2. Exporter_Risk, 3. Weight_Diff_Ratio."
88809887,56.11,Medium,"Elevated to Medium risk (score 56.1). Top drivers: 1. Dwell_Time_Deviation, 2. Importer_Risk_Index, 3. Shipping_Line_Avg_Dwell."
82690407,32.23,Low,"Classified as Low risk (score 32.2). Primary factors: 1. Log_Value_to_Weight_Ratio, 2. Weight_Diff_Ratio, 3. HS_Risk_Index."
67922384,1.23,Low,"Classified as Low risk (score 1.2). Primary factors: 1. Weight_Diff_Ratio, 2. Log_Declared_Value, 3. Importer_Risk_Index."
86873276,28.68,Low,"Classified as Low risk (score 28.7). Primary factors: 1. Log_Declared_Value, 2. Weight_Diff_Ratio, 3. Dwell_Time_Deviation."
29854032,6.63,Low,"Classified as Low risk (score 6.6). Primary factors: 1. Log_Declared_Value, 2. Importer_Risk_Index, 3. Weight_Diff_Ratio."
71687308,13.11,Low,"Classified as Low risk (score 13.1). Primary factors: 1. Log_Declared_Value, 2. Dwell_Time_Deviation, 3. Weight_Diff_Ratio."
87559831,30.53,Low,"Classified as Low risk (score 30.5). Primary factors: 1. Weight_Diff_Ratio, 2. Importer_Risk_Index, 3. Log_Declared_Value."
51141343,8.79,Low,"Classified as Low risk (score 8.8). Primary factors: 1. Weight_Diff_Ratio, 2. Log_Declared_Value, 3. Importer_Risk_Index."
56803540,23.59,Low,"Classified as Low risk (score 23.6). Primary factors: 1. Weight_Diff_Ratio, 2. Importer_Risk_Index, 3. Log_Declared_Value."
74043884,19.12,Low,"Classified as Low risk (score 19.1). Primary factors: 1. Log_Declared_Value, 2. Importer_Risk_Index, 3. Weight_Diff_Ratio."
15518108,19.58,Low,"Classified as Low risk (score 19.6). Primary factors: 1. Log_Declared_Value, 2. Dwell_Time_Deviation, 3. Weight_Diff_Ratio."
35309474,0.31,Low,"Classified as Low risk (score 0.3). Primary factors: 1. Weight_Diff_Ratio, 2. Log_Declared_Value, 3. Importer_Risk_Index."
51994807,49.13,Medium,"Elevated to Medium risk (score 49.1). Top drivers: 1. Weight_Diff_Ratio, 2. Importer_Risk_Index, 3. Exporter_Risk."
42383612,27.14,Low,"Classified as Low risk (score 27.1). Primary factors: 1. Weight_Diff_Ratio, 2. Log_Declared_Value, 3. Log_Value_to_Weight_Ratio."
49907487,8.17,Low,"Classified as Low risk (score 8.2). Primary factors: 1. Dwell_Time_Deviation, 2. Log_Declared_Value, 3. Importer_Risk_Index."
40260545,14.03,Low,"Classified as Low risk (score 14.0). Primary factors: 1. Log_Declared_Value, 2. Importer_Risk_Index, 3. Dwell_Time_Deviation."
26449415,61.35,Medium,"Elevated to Medium risk (score 61.3). Top drivers: 1. Weight_Diff_Ratio, 2. Log_Value_to_Weight_Ratio, 3. Exporter_Risk."
99280793,18.35,Low,"Classified as Low risk (score 18.4). Primary factors: 1. Log_Declared_Value, 2. Dwell_Time_Deviation, 3. Weight_Diff_Ratio."
84664048,50.29,Medium,"Elevated to Medium risk (score 50.3). Top drivers: 1. Weight_Diff_Ratio, 2. Log_Declared_Value, 3. Declaration_DayOfWeek."
91382485,31.77,Low,"Classified as Low risk (score 31.8). Primary factors: 1. Weight_Diff_Ratio, 2. Log_Value_to_Weight_Ratio, 3. Log_Declared_Value."
19224392,8.64,Low,"Classified as Low risk (score 8.6). Primary factors: 1. Weight_Diff_Ratio, 2. Log_Declared_Value, 3. Log_Value_to_Weight_Ratio."
13946084,30.84,Low,"Classified as Low risk (score 30.8). Primary factors: 1. Weight_Diff_Ratio, 2. Exporter_Risk, 3. Dwell_Time_Deviation."
30950385,9.87,Low,"Classified as Low risk (score 9.9). Primary factors: 1. Dwell_Time_Deviation, 2. Log_Declared_Value, 3. Importer_Risk_Index."
81929033,4.01,Low,"Classified as Low risk (score 4.0). Primary factors: 1. Weight_Diff_Ratio, 2. Log_Declared_Value, 3. Importer_Risk_Index."
16237218,12.95,Low,"Classified as Low risk (score 13.0). Primary factors: 1. Log_Declared_Value, 2. Dwell_Time_Deviation, 3. Weight_Diff_Ratio."
71237346,28.22,Low,"Classified as Low risk (score 28.2). Primary factors: 1. Log_Value_to_Weight_Ratio, 2. Weight_Diff_Ratio, 3. Log_Declared_Value."
40838533,27.76,Low,"Classified as Low risk (score 27.8). Primary factors: 1. Weight_Diff_Ratio, 2. Log_Declared_Value, 3. Shipping_Line_Avg_Dwell."
79893033,78.0,Critical,"Flagged as Critical (score 78.0) driven by unusual patterns in 1. Weight_Diff_Ratio, 2. Anomaly_Score, 3. HS_Risk_Index."
66761746,46.22,Medium,"Elevated to Medium risk (score 46.2). Top drivers: 1. Weight_Diff_Ratio, 2. Exporter_Risk, 3. Importer_Risk_Index."
71828505,21.13,Low,"Classified as Low risk (score 21.1). Primary factors: 1. Importer_Risk_Index, 2. Log_Value_to_Weight_Ratio, 3. Exporter_Risk."
43389630,15.11,Low,"Classified as Low risk (score 15.1). Primary factors: 1. Log_Declared_Value, 2. Dwell_Time_Deviation, 3. Weight_Diff_Ratio."
16513317,20.2,Low,"Classified as Low risk (score 20.2). Primary factors: 1. Log_Value_to_Weight_Ratio, 2. Importer_Risk_Index, 3. Dwell_Time_Deviation."
13769939,66.0,Medium,"Elevated to Medium risk (score 66.0). Top drivers: 1. Dwell_Time_Deviation, 2. Weight_Diff_Ratio, 3. Log_Declared_Value."
82654468,19.89,Low,"Classified as Low risk (score 19.9). Primary factors: 1. Log_Declared_Value, 2. Dwell_Time_Deviation, 3. Importer_Risk_Index."
72280341,21.43,Low,"Classified as Low risk (score 21.4). Primary factors: 1. Log_Declared_Value, 2. Weight_Diff_Ratio, 3. Dwell_Time_Deviation."
23560242,10.79,Low,"Classified as Low risk (score 10.8). Primary factors: 1. Dwell_Time_Deviation, 2. Log_Declared_Value, 3. Importer_Risk_Index."
12742124,16.5,Low,"Classified as Low risk (score 16.5). Primary factors: 1. Log_Declared_Value, 2. Weight_Diff_Ratio, 3. Dwell_Time_Deviation."
91604770,31.15,Low,"Classified as Low risk (score 31.1). Primary factors: 1. Importer_Risk_Index, 2. Log_Value_to_Weight_Ratio, 3. Importer_Freq_Count."
55694596,14.19,Low,"Classified as Low risk (score 14.2). Primary factors: 1. Weight_Diff_Ratio, 2. Log_Declared_Value, 3. Exporter_Risk."
89061912,26.83,Low,"Classified as Low risk (score 26.8). Primary factors: 1. Dwell_Time_Deviation, 2. Weight_Diff_Ratio, 3. Importer_Risk_Index."
49355955,23.29,Low,"Classified as Low risk (score 23.3). Primary factors: 1. Weight_Diff_Ratio, 2. Log_Declared_Value, 3. Dwell_Time_Deviation."
90805018,35.75,Medium,"Elevated to Medium risk (score 35.7). Top drivers: 1. Dwell_Time_Deviation, 2. Weight_Diff_Ratio, 3. Importer_Risk_Index."
93830510,38.65,Medium,"Elevated to Medium risk (score 38.7). Top drivers: 1. Weight_Diff_Ratio, 2. Dwell_Time_Deviation, 3. Log_Declared_Value."
77241337,22.05,Low,"Classified as Low risk (score 22.1). Primary factors: 1. Log_Declared_Value, 2. Exporter_Risk, 3. Dwell_Time_Deviation."
64848338,24.83,Low,"Classified as Low risk (score 24.8). Primary factors: 1. Weight_Diff_Ratio, 2. Importer_Risk_Index, 3. Log_Declared_Value."
86120212,28.07,Low,"Classified as Low risk (score 28.1). Primary factors: 1. Weight_Diff_Ratio, 2. Log_Declared_Value, 3. Importer_Freq_Count."
78359159,12.49,Low,"Classified as Low risk (score 12.5). Primary factors: 1. Weight_Diff_Ratio, 2. Log_Declared_Value, 3. Exporter_Risk."
24666524,36.33,Medium,"Elevated to Medium risk (score 36.3). Top drivers: 1. Dwell_Time_Deviation, 2. Weight_Diff_Ratio, 3. Exporter_Risk."
32036647,18.04,Low,"Classified as Low risk (score 18.0). Primary factors: 1. Weight_Diff_Ratio, 2. Importer_Risk_Index, 3. Dwell_Time_Deviation."
66127044,29.45,Low,"Classified as Low risk (score 29.5). Primary factors: 1. Log_Declared_Value, 2. Log_Value_to_Weight_Ratio, 3. Dwell_Time_Deviation."
22613817,2.47,Low,"Classified as Low risk (score 2.5). Primary factors: 1. Weight_Diff_Ratio, 2. Log_Declared_Value, 3. Importer_Risk_Index."
71581722,15.88,Low,"Classified as Low risk (score 15.9). Primary factors: 1. Log_Declared_Value, 2. Weight_Diff_Ratio, 3. Importer_Risk_Index."
33236815,26.37,Low,"Classified as Low risk (score 26.4). Primary factors: 1. Log_Declared_Value, 2. Exporter_Risk, 3. Dwell_Time_Deviation."
40339345,24.52,Low,"Classified as Low risk (score 24.5). Primary factors: 1. Log_Declared_Value, 2. Dwell_Time_Deviation, 3. Importer_Risk_Index."
20968962,21.59,Low,"Classified as Low risk (score 21.6). Primary factors: 1. Log_Value_to_Weight_Ratio, 2. Importer_Risk_Index, 3. Exporter_Risk."
82227258,4.16,Low,"Classified as Low risk (score 4.2). Primary factors: 1. Weight_Diff_Ratio, 2. Log_Declared_Value, 3. Dwell_Time_Deviation."
62134089,3.24,Low,"Classified as Low risk (score 3.2). Primary factors: 1. Log_Declared_Value, 2. Importer_Risk_Index, 3. Dwell_Time_Deviation."
47739528,24.36,Low,"Classified as Low risk (score 24.4). Primary factors: 1. Dwell_Time_Deviation, 2. Log_Value_to_Weight_Ratio, 3. Weight_Diff_Ratio."
36550664,28.37,Low,"Classified as Low risk (score 28.4). Primary factors: 1. Log_Declared_Value, 2. Exporter_Risk, 3. Shipping_Line_Avg_Dwell."
24696063,38.07,Medium,"Elevated to Medium risk (score 38.1). Top drivers: 1. Dwell_Time_Deviation, 2. Weight_Diff_Ratio, 3. Origin_Country_Risk."
79023168,4.63,Low,"Classified as Low risk (score 4.6). Primary factors: 1. Weight_Diff_Ratio, 2. Log_Declared_Value, 3. Importer_Risk_Index."
71165958,13.72,Low,"Classified as Low risk (score 13.7). Primary factors: 1. Log_Declared_Value, 2. Dwell_Time_Deviation, 3. Importer_Risk_Index."
47706953,19.43,Low,"Classified as Low risk (score 19.4). Primary factors: 1. Dwell_Time_Deviation, 2. Log_Value_to_Weight_Ratio, 3. Log_Declared_Value."
84074283,8.02,Low,"Classified as Low risk (score 8.0). Primary factors: 1. Dwell_Time_Deviation, 2. Log_Declared_Value, 3. Weight_Diff_Ratio."
20899131,44.47,Medium,"Elevated to Medium risk (score 44.5). Top drivers: 1. Weight_Diff_Ratio, 2. Dwell_Time_Deviation, 3. Origin_Country_Risk."
26249822,12.8,Low,"Classified as Low risk (score 12.8). Primary factors: 1. Dwell_Time_Deviation, 2. Log_Declared_Value, 3. Log_Value_to_Weight_Ratio."
76034336,14.34,Low,"Classified as Low risk (score 14.3). Primary factors: 1. Dwell_Time_Deviation, 2. Log_Declared_Value, 3. Importer_Risk_Index."
54524747,13.26,Low,"Classified as Low risk (score 13.3). Primary factors: 1. Weight_Diff_Ratio, 2. Log_Declared_Value, 3. Exporter_Risk."
95970051,29.61,Low,"Classified as Low risk (score 29.6). Primary factors: 1. Log_Declared_Value, 2. Dwell_Time_Deviation, 3. Weight_Diff_Ratio."
38340339,7.4,Low,"Classified as Low risk (score 7.4). Primary factors: 1. Weight_Diff_Ratio, 2. Log_Declared_Value, 3. Log_Value_to_Weight_Ratio."
69251798,30.69,Low,"Classified as Low risk (score 30.7). Primary factors: 1. Dwell_Time_Deviation, 2. Log_Declared_Value, 3. Weight_Diff_Ratio."
14075839,26.06,Low,"Classified as Low risk (score 26.1). Primary factors: 1. Log_Declared_Value, 2. Log_Value_to_Weight_Ratio, 3. Exporter_Risk."
77093640,51.45,Medium,"Elevated to Medium risk (score 51.5). Top drivers: 1. Weight_Diff_Ratio, 2. Log_Value_to_Weight_Ratio, 3. Importer_Risk_Index."
17436551,12.64,Low,"Classified as Low risk (score 12.6). Primary factors: 1. Weight_Diff_Ratio, 2. Log_Value_to_Weight_Ratio, 3. Exporter_Risk."
19571330,8.94,Low,"Classified as Low risk (score 8.9). Primary factors: 1. Log_Declared_Value, 2. Weight_Diff_Ratio, 3. Importer_Risk_Index."
29990255,13.57,Low,"Classified as Low risk (score 13.6). Primary factors: 1. Log_Declared_Value, 2. Dwell_Time_Deviation, 3. Weight_Diff_Ratio."
93485795,29.3,Low,"Classified as Low risk (score 29.3). Primary factors: 1. Log_Value_to_Weight_Ratio, 2. Weight_Diff_Ratio, 3. Importer_Risk_Index."
90910087,17.89,Low,"Classified as Low risk (score 17.9). Primary factors: 1. Importer_Risk_Index, 2. Dwell_Time_Deviation, 3. Log_Value_to_Weight_Ratio."
29574908,20.97,Low,"Classified as Low risk (score 21.0). Primary factors: 1. Log_Declared_Value, 2. Weight_Diff_Ratio, 3. Dwell_Time_Deviation."
71574589,2.0,Low,"Classified as Low risk (score 2.0). Primary factors: 1. Dwell_Time_Deviation, 2. Log_Declared_Value, 3. Importer_Risk_Index."
18360986,42.73,Medium,"Elevated to Medium risk (score 42.7). Top drivers: 1. Weight_Diff_Ratio, 2. Shipping_Line_Avg_Dwell, 3. Exporter_Risk."
44383562,16.04,Low,"Classified as Low risk (score 16.0). Primary factors: 1. Log_Declared_Value, 2. Importer_Risk_Index, 3. Dwell_Time_Deviation."
12382593,48.55,Medium,"Elevated to Medium risk (score 48.5). Top drivers: 1. Dwell_Time_Deviation, 2. Exporter_Risk, 3. Shipping_Line_Avg_Dwell."
56856484,27.45,Low,"Classified as Low risk (score 27.4). Primary factors: 1. Log_Value_to_Weight_Ratio, 2. Importer_Risk_Index, 3. Dwell_Time_Deviation."
16535518,6.94,Low,"Classified as Low risk (score 6.9). Primary factors: 1. Log_Declared_Value, 2. Weight_Diff_Ratio, 3. Importer_Risk_Index."
72085837,4.47,Low,"Classified as Low risk (score 4.5). Primary factors: 1. Weight_Diff_Ratio, 2. Log_Declared_Value, 3. Exporter_Risk."
62164608,49.71,Medium,"Elevated to Medium risk (score 49.7). Top drivers: 1. Weight_Diff_Ratio, 2. Dwell_Time_Deviation, 3. Log_Value_to_Weight_Ratio."
73793465,5.55,Low,"Classified as Low risk (score 5.6). Primary factors: 1. Weight_Diff_Ratio, 2. Log_Value_to_Weight_Ratio, 3. Importer_Risk_Index."
91974463,40.4,Medium,"Elevated to Medium risk (score 40.4). Top drivers: 1. Dwell_Time_Deviation, 2. Exporter_Risk, 3. Weight_Diff_Ratio."
65183878,31.92,Low,"Classified as Low risk (score 31.9). Primary factors: 1. Weight_Diff_Ratio, 2. Log_Value_to_Weight_Ratio, 3. Importer_Risk_Index."
74748898,34.0,Medium,"Elevated to Medium risk (score 34.0). Top drivers: 1. Log_Declared_Value, 2. Exporter_Risk, 3. Dwell_Time_Deviation."
11482606,20.51,Low,"Classified as Low risk (score 20.5). Primary factors: 1. Weight_Diff_Ratio, 2. Dwell_Time_Deviation, 3. Exporter_Risk."
38117333,22.82,Low,"Classified as Low risk (score 22.8). Primary factors: 1. Weight_Diff_Ratio, 2. Log_Declared_Value, 3. Exporter_Risk."
35223617,54.36,Medium,"Elevated to Medium risk (score 54.4). Top drivers: 1. Weight_Diff_Ratio, 2. Exporter_Risk, 3. Log_Declared_Value."
43365371,9.1,Low,"Classified as Low risk (score 9.1). Primary factors: 1. Log_Declared_Value, 2. Weight_Diff_Ratio, 3. Importer_Risk_Index."
87775261,24.98,Low,"Classified as Low risk (score 25.0). Primary factors: 1. Weight_Diff_Ratio, 2. Log_Value_to_Weight_Ratio, 3. Importer_Risk_Index."
68959651,23.13,Low,"Classified as Low risk (score 23.1). Primary factors: 1. Log_Declared_Value, 2. Dwell_Time_Deviation, 3. Exporter_Risk."
72606324,25.91,Low,"Classified as Low risk (score 25.9). Primary factors: 1. Log_Declared_Value, 2. Dwell_Time_Deviation, 3. Weight_Diff_Ratio."
48267116,37.49,Medium,"Elevated to Medium risk (score 37.5). Top drivers: 1. Dwell_Time_Deviation, 2. Weight_Diff_Ratio, 3. Importer_Risk_Index."
88280164,0.15,Low,"Classified as Low risk (score 0.2). Primary factors: 1. Weight_Diff_Ratio, 2. Log_Declared_Value, 3. Importer_Risk_Index."
52655699,20.66,Low,"Classified as Low risk (score 20.7). Primary factors: 1. Weight_Diff_Ratio, 2. Log_Declared_Value, 3. Dwell_Time_Deviation."
97675007,10.33,Low,"Classified as Low risk (score 10.3). Primary factors: 1. Log_Declared_Value, 2. Importer_Risk_Index, 3. Dwell_Time_Deviation."
59885302,2.16,Low,"Classified as Low risk (score 2.2). Primary factors: 1. Log_Declared_Value, 2. Weight_Diff_Ratio, 3. Importer_Risk_Index."
95291336,32.85,Low,"Classified as Low risk (score 32.8). Primary factors: 1. Weight_Diff_Ratio, 2. Dwell_Time_Deviation, 3. Log_Value_to_Weight_Ratio."
46162932,45.05,Medium,"Elevated to Medium risk (score 45.1). Top drivers: 1. Dwell_Time_Deviation, 2. Exporter_Risk, 3. Log_Declared_Value."
89747303,13.42,Low,"Classified as Low risk (score 13.4). Primary factors: 1. Weight_Diff_Ratio, 2. Log_Declared_Value, 3. Dwell_Time_Deviation."
25329802,20.05,Low,"Classified as Low risk (score 20.0). Primary factors: 1. Log_Declared_Value, 2. Dwell_Time_Deviation, 3. Weight_Diff_Ratio."
41330662,9.25,Low,"Classified as Low risk (score 9.3). Primary factors: 1. Weight_Diff_Ratio, 2. Log_Value_to_Weight_Ratio, 3. Log_Declared_Value."
89222300,7.25,Low,"Classified as Low risk (score 7.2). Primary factors: 1. Log_Declared_Value, 2. Dwell_Time_Deviation, 3. Importer_Risk_Index."
85709064,32.07,Low,"Classified as Low risk (score 32.1). Primary factors: 1. Log_Declared_Value, 2. Weight_Diff_Ratio, 3. Shipping_Line_Avg_Dwell."
69276733,13.88,Low,"Classified as Low risk (score 13.9). Primary factors: 1. Log_Declared_Value, 2. Weight_Diff_Ratio, 3. Importer_Risk_Index."
46556343,14.5,Low,"Classified as Low risk (score 14.5). Primary factors: 1. Log_Declared_Value, 2. Weight_Diff_Ratio, 3. Dwell_Time_Deviation."
62029139,6.01,Low,"Classified as Low risk (score 6.0). Primary factors: 1. Log_Declared_Value, 2. Weight_Diff_Ratio, 3. Dwell_Time_Deviation."
55387130,11.72,Low,"Classified as Low risk (score 11.7). Primary factors: 1. Log_Declared_Value, 2. Importer_Risk_Index, 3. Weight_Diff_Ratio."
85043596,0.46,Low,"Classified as Low risk (score 0.5). Primary factors: 1. Weight_Diff_Ratio, 2. Log_Declared_Value, 3. Importer_Risk_Index."
24651506,16.35,Low,"Classified as Low risk (score 16.3). Primary factors: 1. Weight_Diff_Ratio, 2. Log_Value_to_Weight_Ratio, 3. Exporter_Risk."
29916754,52.62,Medium,"Elevated to Medium risk (score 52.6). Top drivers: 1. Weight_Diff_Ratio, 2. Exporter_Risk, 3. Importer_Risk_Index."
50077088,26.52,Low,"Classified as Low risk (score 26.5). Primary factors: 1. Log_Declared_Value, 2. Importer_Risk_Index, 3. Weight_Diff_Ratio."
59363985,9.41,Low,"Classified as Low risk (score 9.4). Primary factors: 1. Weight_Diff_Ratio, 2. Dwell_Time_Deviation, 3. Importer_Risk_Index."
89575816,3.08,Low,"Classified as Low risk (score 3.1). Primary factors: 1. Weight_Diff_Ratio, 2. Log_Declared_Value, 3. Log_Value_to_Weight_Ratio."
66651078,10.95,Low,"Classified as Low risk (score 10.9). Primary factors: 1. Weight_Diff_Ratio, 2. Log_Declared_Value, 3. Dwell_Time_Deviation."
26664308,15.73,Low,"Classified as Low risk (score 15.7). Primary factors: 1. Log_Declared_Value, 2. Dwell_Time_Deviation, 3. Weight_Diff_Ratio."
48167793,11.26,Low,"Classified as Low risk (score 11.3). Primary factors: 1. Importer_Risk_Index, 2. Weight_Diff_Ratio, 3. Log_Value_to_Weight_Ratio."
40535132,18.97,Low,"Classified as Low risk (score 19.0). Primary factors: 1. Dwell_Time_Deviation, 2. Log_Value_to_Weight_Ratio, 3. Weight_Diff_Ratio."
26182746,18.66,Low,"Classified as Low risk (score 18.7). Primary factors: 1. Log_Declared_Value, 2. Weight_Diff_Ratio, 3. Exporter_Risk."
14511470,1.85,Low,"Classified as Low risk (score 1.9). Primary factors: 1. Weight_Diff_Ratio, 2. Log_Declared_Value, 3. Importer_Risk_Index."
75442821,0.77,Low,"Classified as Low risk (score 0.8). Primary factors: 1. Weight_Diff_Ratio, 2. Log_Declared_Value, 3. Importer_Risk_Index."
55929405,4.78,Low,"Classified as Low risk (score 4.8). Primary factors: 1. Weight_Diff_Ratio, 2. Log_Declared_Value, 3. Importer_Risk_Index."
49171993,53.2,Medium,"Elevated to Medium risk (score 53.2). Top drivers: 1. Dwell_Time_Deviation, 2. HS_Risk_Index, 3. Shipping_Line_Avg_Dwell."
68843314,8.48,Low,"Classified as Low risk (score 8.5). Primary factors: 1. Log_Declared_Value, 2. Weight_Diff_Ratio, 3. Importer_Risk_Index."
85713818,12.34,Low,"Classified as Low risk (score 12.3). Primary factors: 1. Log_Declared_Value, 2. Weight_Diff_Ratio, 3. Dwell_Time_Deviation."
12459825,6.17,Low,"Classified as Low risk (score 6.2). Primary factors: 1. Weight_Diff_Ratio, 2. Log_Value_to_Weight_Ratio, 3. Log_Declared_Value."
19036409,6.32,Low,"Classified as Low risk (score 6.3). Primary factors: 1. Weight_Diff_Ratio, 2. Log_Declared_Value, 3. Dwell_Time_Deviation."
23218937,55.53,Medium,"Elevated to Medium risk (score 55.5). Top drivers: 1. Weight_Diff_Ratio, 2. Dwell_Time_Deviation, 3. Importer_Risk_Index."
75089876,25.6,Low,"Classified as Low risk (score 25.6). Primary factors: 1. Log_Declared_Value, 2. Dwell_Time_Deviation, 3. Importer_Risk_Index."
97704580,2.93,Low,"Classified as Low risk (score 2.9). Primary factors: 1. Weight_Diff_Ratio, 2. Log_Declared_Value, 3. Dwell_Time_Deviation."
57174378,14.65,Low,"Classified as Low risk (score 14.6). Primary factors: 1. Log_Declared_Value, 2. Dwell_Time_Deviation, 3. Weight_Diff_Ratio."
61944735,7.86,Low,"Classified as Low risk (score 7.9). Primary factors: 1. Weight_Diff_Ratio, 2. Log_Declared_Value, 3. Importer_Risk_Index."
72689939,60.18,Medium,"Elevated to Medium risk (score 60.2). Top drivers: 1. Weight_Diff_Ratio, 2. Dwell_Time_Deviation, 3. Anomaly_Score."
15082417,3.55,Low,"Classified as Low risk (score 3.5). Primary factors: 1. Weight_Diff_Ratio, 2. Importer_Risk_Index, 3. Log_Declared_Value."
44105849,7.09,Low,"Classified as Low risk (score 7.1). Primary factors: 1. Weight_Diff_Ratio, 2. Log_Declared_Value, 3. Exporter_Risk."
86160201,1.39,Low,"Classified as Low risk (score 1.4). Primary factors: 1. Weight_Diff_Ratio, 2. Log_Declared_Value, 3. Importer_Risk_Index."
40630739,60.76,Medium,"Elevated to Medium risk (score 60.8). Top drivers: 1. Weight_Diff_Ratio, 2. Dwell_Time_Deviation, 3. Exporter_Risk."
96701791,15.42,Low,"Classified as Low risk (score 15.4). Primary factors: 1. Log_Declared_Value, 2. Weight_Diff_Ratio, 3. Dwell_Time_Deviation."
32548159,16.81,Low,"Classified as Low risk (score 16.8). Primary factors: 1. Log_Declared_Value, 2. Weight_Diff_Ratio, 3. Dwell_Time_Deviation."
85821433,58.44,Medium,"Elevated to Medium risk (score 58.4). Top drivers: 1. Weight_Diff_Ratio, 2. Dwell_Time_Deviation, 3. Declaration_Hour."
52737864,39.24,Medium,"Elevated to Medium risk (score 39.2). Top drivers: 1. Weight_Diff_Ratio, 2. Log_Value_to_Weight_Ratio, 3. Importer_Risk_Index."
29732688,30.22,Low,"Classified as Low risk (score 30.2). Primary factors: 1. Log_Declared_Value, 2. Weight_Diff_Ratio, 3. Exporter_Risk."
91926049,89.0,Critical,"Flagged as Critical (score 89.0) driven by unusual patterns in 1. Weight_Diff_Ratio, 2. HS_Risk_Index, 3. Anomaly_Score."
85564988,24.21,Low,"Classified as Low risk (score 24.2). Primary factors: 1. Weight_Diff_Ratio, 2. Anomaly_Score, 3. Log_Declared_Value."
72431433,0.93,Low,"Classified as Low risk (score 0.9). Primary factors: 1. Weight_Diff_Ratio, 2. Log_Declared_Value, 3. Importer_Risk_Index."
94358644,42.15,Medium,"Elevated to Medium risk (score 42.1). Top drivers: 1. Weight_Diff_Ratio, 2. Dwell_Time_Deviation, 3. Importer_Risk_Index."
13043673,17.58,Low,"Classified as Low risk (score 17.6). Primary factors: 1. Log_Value_to_Weight_Ratio, 2. Weight_Diff_Ratio, 3. Importer_Risk_Index."
79447329,22.21,Low,"Classified as Low risk (score 22.2). Primary factors: 1. Weight_Diff_Ratio, 2. Importer_Risk_Index, 3. Log_Declared_Value."
33331344,59.02,Medium,"Elevated to Medium risk (score 59.0). Top drivers: 1. Dwell_Time_Deviation, 2. Weight_Diff_Ratio, 3. Exporter_Risk."
11731369,31.0,Low,"Classified as Low risk (score 31.0). Primary factors: 1. Log_Value_to_Weight_Ratio, 2. Dwell_Time_Deviation, 3. Weight_Diff_Ratio."
38156028,27.29,Low,"Classified as Low risk (score 27.3). Primary factors: 1. Weight_Diff_Ratio, 2. Log_Value_to_Weight_Ratio, 3. Importer_Risk_Index."
28042618,36.91,Medium,"Elevated to Medium risk (score 36.9). Top drivers: 1. Dwell_Time_Deviation, 2. Weight_Diff_Ratio, 3. Importer_Risk_Index."
16354046,63.09,Medium,"Elevated to Medium risk (score 63.1). Top drivers: 1. Weight_Diff_Ratio, 2. Origin_Country_Risk, 3. Dwell_Time_Deviation."
31462952,10.64,Low,"Classified as Low risk (score 10.6). Primary factors: 1. Weight_Diff_Ratio, 2. Log_Value_to_Weight_Ratio, 3. Exporter_Risk."
75233926,18.81,Low,"Classified as Low risk (score 18.8). Primary factors: 1. Log_Declared_Value, 2. Weight_Diff_Ratio, 3. Exporter_Risk."
31625700,39.82,Medium,"Elevated to Medium risk (score 39.8). Top drivers: 1. Dwell_Time_Deviation, 2. Weight_Diff_Ratio, 3. Importer_Risk_Index."
37233956,11.87,Low,"Classified as Low risk (score 11.9). Primary factors: 1. Weight_Diff_Ratio, 2. Log_Value_to_Weight_Ratio, 3. Importer_Risk_Index."
15949272,26.99,Low,"Classified as Low risk (score 27.0). Primary factors: 1. Log_Declared_Value, 2. Dwell_Time_Deviation, 3. Log_Value_to_Weight_Ratio."
20542814,15.27,Low,"Classified as Low risk (score 15.3). Primary factors: 1. Log_Declared_Value, 2. Dwell_Time_Deviation, 3. Weight_Diff_Ratio."
91683779,67.0,Critical,"Flagged as Critical (score 67.0) driven by unusual patterns in 1. Weight_Diff_Ratio, 2. Log_Value_to_Weight_Ratio, 3. Exporter_Risk."
94954239,64.84,Medium,"Elevated to Medium risk (score 64.8). Top drivers: 1. Dwell_Time_Deviation, 2. Weight_Diff_Ratio, 3. Exporter_Risk."
88381365,24.06,Low,"Classified as Low risk (score 24.1). Primary factors: 1. Log_Declared_Value, 2. Dwell_Time_Deviation, 3. Weight_Diff_Ratio."
12006879,17.27,Low,"Classified as Low risk (score 17.3). Primary factors: 1. Weight_Diff_Ratio, 2. Dwell_Time_Deviation, 3. Importer_Risk_Index."
45315192,14.96,Low,"Classified as Low risk (score 15.0). Primary factors: 1. Weight_Diff_Ratio, 2. Log_Declared_Value, 3. Importer_Risk_Index."
83000989,20.82,Low,"Classified as Low risk (score 20.8). Primary factors: 1. Log_Declared_Value, 2. Dwell_Time_Deviation, 3. Weight_Diff_Ratio."
14311767,5.09,Low,"Classified as Low risk (score 5.1). Primary factors: 1. Weight_Diff_Ratio, 2. Log_Declared_Value, 3. Importer_Risk_Index."
18083677,21.28,Low,"Classified as Low risk (score 21.3). Primary factors: 1. Log_Declared_Value, 2. Weight_Diff_Ratio, 3. Dwell_Time_Deviation."
45773927,2.78,Low,"Classified as Low risk (score 2.8). Primary factors: 1. Weight_Diff_Ratio, 2. Log_Declared_Value, 3. Importer_Risk_Index."
16366055,29.92,Low,"Classified as Low risk (score 29.9). Primary factors: 1. Weight_Diff_Ratio, 2. Dwell_Time_Deviation, 3. Log_Declared_Value."
42740452,31.46,Low,"Classified as Low risk (score 31.5). Primary factors: 1. Weight_Diff_Ratio, 2. Log_Value_to_Weight_Ratio, 3. Dwell_Time_Deviation."
36446034,0.62,Low,"Classified as Low risk (score 0.6). Primary factors: 1. Dwell_Time_Deviation, 2. Log_Declared_Value, 3. Weight_Diff_Ratio."
71014691,15.57,Low,"Classified as Low risk (score 15.6). Primary factors: 1. Log_Declared_Value, 2. Dwell_Time_Deviation, 3. Weight_Diff_Ratio."
74347241,56.69,Medium,"Elevated to Medium risk (score 56.7). Top drivers: 1. Weight_Diff_Ratio, 2. Dwell_Time_Deviation, 3. Anomaly_Score."
77625640,20.36,Low,"Classified as Low risk (score 20.4). Primary factors: 1. Log_Value_to_Weight_Ratio, 2. Weight_Diff_Ratio, 3. Importer_Risk_Index."
31163152,17.73,Low,"Classified as Low risk (score 17.7). Primary factors: 1. Weight_Diff_Ratio, 2. Dwell_Time_Deviation, 3. Log_Declared_Value."
76699047,6.79,Low,"Classified as Low risk (score 6.8). Primary factors: 1. Log_Declared_Value, 2. Importer_Risk_Index, 3. Dwell_Time_Deviation."
